confidence_bucket,n_samples,avg_confidence,avg_logprob_margin,logprob_accuracy
"[0.50,0.55)",5460,0.5205204723737179,0.08218864468864469,0.49743589743589745
"[0.55,0.65)",7852,0.5876052225738293,0.3549560919988538,0.49312277126846665
"[0.65,0.75)",3985,0.6822083359829605,0.7674158955457967,0.4920953575909661
"[0.75,0.85)",1420,0.7854546876020835,1.3058579995598592,0.4943661971830986
"[0.85,0.95)",457,0.88330777220966,2.059414853152352,0.487964989059081
"[0.95,1.00]",26,0.9612891284319071,3.2345674954927883,0.6538461538461539
