confidence_bucket,n_samples,avg_confidence,avg_logprob_margin,logprob_accuracy
"[0.50,0.55)",1901,0.5212505602134271,0.08511967385586533,0.49763282482903737
"[0.55,0.65)",3281,0.5914231642140589,0.37088182909174033,0.5032002438281011
"[0.65,0.75)",2906,0.6893429626125511,0.8009519636097728,0.5003441156228493
"[0.75,0.85)",3223,0.7968713244850355,1.376138363423053,0.4902264970524356
"[0.85,0.95)",5196,0.8952438465855138,2.185227979229816,0.5048113933795227
"[0.95,1.00]",2693,0.9878885036191222,6.389895926166369,0.49461567025621983
