scope,total_examples,valid_answers,invalid_answers,empty_answers,correct_answers,overall_accuracy,valid_only_accuracy,precision_label_0,recall_label_0,f1_label_0,precision_label_1,recall_label_1,f1_label_1,true_0_pred_0,true_0_pred_1,true_1_pred_0,true_1_pred_1
GLOBAL,19200,19200,0,0,15551,0.8099479166666667,0.8099479166666667,0.8374671391016116,0.7669039145907474,0.800633775883735,0.7869103435077983,0.8525813808832676,0.8184306115340598,7327,2227,1422,8224
