scope,total_examples,valid_answers,invalid_answers,empty_answers,overall_accuracy,valid_only_accuracy,precision_label_0,recall_label_0,f1_label_0,precision_label_1,recall_label_1,f1_label_1,true_0_pred_0,true_0_pred_1,true_1_pred_0,true_1_pred_1
GLOBAL,19200,19200,0,0,0.6396354166666667,0.6396354166666667,0.598020980581802,0.8413230060707557,0.6991085018482278,0.7367598541413439,0.43987144930541155,0.5508601103537812,8038,1516,5403,4243
