{
  "global": {
    "n_samples": 19200,
    "valid_free_predictions": 19200,
    "invalid_free_predictions": 0,
    "empty_raw_outputs": 0,
    "free_output_accuracy": 0.6851041666666666,
    "free_output_valid_accuracy": 0.6851041666666666,
    "score_based_accuracy": 0.5700520833333333,
    "free_label_0_precision": 0.6668886774500475,
    "free_label_0_recall": 0.7336194264182542,
    "free_label_0_f1": 0.6986642743221689,
    "free_label_1_precision": 0.7071346375143843,
    "free_label_1_recall": 0.6370516276176653,
    "free_label_1_f1": 0.6702661431064572,
    "score_label_0_precision": 0.5973909131803868,
    "score_label_0_recall": 0.4169981159723676,
    "score_label_0_f1": 0.49115453368674106,
    "score_label_1_precision": 0.555502354161679,
    "score_label_1_recall": 0.7216462782500518,
    "score_label_1_f1": 0.6277675068764936,
    "avg_choice_0_score": 0.39356493274532683,
    "avg_choice_1_score": 0.606435074509205,
    "avg_confidence": 0.769645474764208,
    "avg_score_gap": 0.5392909422738842,
    "free_vs_score_agreement_rate": 0.64640625,
    "free_actual_0_pred_0": 7009,
    "free_actual_0_pred_1": 2545,
    "free_actual_1_pred_0": 3501,
    "free_actual_1_pred_1": 6145,
    "score_actual_0_pred_0": 3984,
    "score_actual_0_pred_1": 5570,
    "score_actual_1_pred_0": 2685,
    "score_actual_1_pred_1": 6961
  }
}