{
  "thresholds": {
    "ambiguous_margin": 0.2,
    "high_confidence": 0.8,
    "low_confidence": 0.55
  },
  "global": {
    "n_samples": 19200,
    "valid_predictions": 19200,
    "invalid_predictions": 0,
    "empty_raw_outputs": 0,
    "Accuracy": 0.4942708333333333,
    "Accuracy_valid_only": 0.4942708333333333,
    "Support_0": 9554,
    "Predicted_as_0": 12198,
    "Precision_0": 0.49360550909985246,
    "Recall_0": 0.6302072430395645,
    "F1_0": 0.5536042662743657,
    "Support_1": 9646,
    "Predicted_as_1": 7002,
    "Precision_1": 0.4954298771779492,
    "Recall_1": 0.3596309351026332,
    "F1_1": 0.41674675636713115,
    "LogProb_Accuracy": 0.49432291666666667,
    "LogProb_Support_0": 9554,
    "LogProb_Predicted_as_0": 12195,
    "LogProb_Precision_0": 0.49364493644936447,
    "LogProb_Recall_0": 0.6301025748377643,
    "LogProb_F1_0": 0.5535886707434824,
    "LogProb_Support_1": 9646,
    "LogProb_Predicted_as_1": 7005,
    "LogProb_Precision_1": 0.4955032119914347,
    "LogProb_Recall_1": 0.35983827493261455,
    "LogProb_F1_1": 0.41691189718335236,
    "avg_logprob_margin": 0.4777910041809082,
    "avg_confidence": 0.6103400537154327,
    "avg_entropy": 0.6497458701391174,
    "avg_confidence_correct_logprob": 0.610334781302427,
    "avg_confidence_wrong_logprob": 0.610345207744873,
    "avg_margin_correct_logprob": 0.4778308814147943,
    "avg_margin_wrong_logprob": 0.4777520223262566,
    "free_vs_logprob_agreement_rate": 0.99984375,
    "ambiguous_rate": 0.284375,
    "high_confidence_wrong_rate": 0.021927083333333333,
    "low_confidence_correct_rate": 0.14145833333333332,
    "actual_0_pred_0": 6021,
    "actual_0_pred_1": 3533,
    "actual_1_pred_0": 6177,
    "actual_1_pred_1": 3469,
    "logprob_actual_0_pred_0": 6020,
    "logprob_actual_0_pred_1": 3534,
    "logprob_actual_1_pred_0": 6175,
    "logprob_actual_1_pred_1": 3471
  },
  "confidence_buckets": [
    {
      "confidence_bucket": "[0.50,0.55)",
      "n_samples": 5460,
      "avg_confidence": 0.5205204723737179,
      "avg_logprob_margin": 0.08218864468864469,
      "logprob_accuracy": 0.49743589743589745
    },
    {
      "confidence_bucket": "[0.55,0.65)",
      "n_samples": 7852,
      "avg_confidence": 0.5876052225738293,
      "avg_logprob_margin": 0.3549560919988538,
      "logprob_accuracy": 0.49312277126846665
    },
    {
      "confidence_bucket": "[0.65,0.75)",
      "n_samples": 3985,
      "avg_confidence": 0.6822083359829605,
      "avg_logprob_margin": 0.7674158955457967,
      "logprob_accuracy": 0.4920953575909661
    },
    {
      "confidence_bucket": "[0.75,0.85)",
      "n_samples": 1420,
      "avg_confidence": 0.7854546876020835,
      "avg_logprob_margin": 1.3058579995598592,
      "logprob_accuracy": 0.4943661971830986
    },
    {
      "confidence_bucket": "[0.85,0.95)",
      "n_samples": 457,
      "avg_confidence": 0.88330777220966,
      "avg_logprob_margin": 2.059414853152352,
      "logprob_accuracy": 0.487964989059081
    },
    {
      "confidence_bucket": "[0.95,1.00]",
      "n_samples": 26,
      "avg_confidence": 0.9612891284319071,
      "avg_logprob_margin": 3.2345674954927883,
      "logprob_accuracy": 0.6538461538461539
    }
  ]
}