{
  "thresholds": {
    "ambiguous_margin": 0.2,
    "high_confidence": 0.8,
    "low_confidence": 0.55
  },
  "global": {
    "n_samples": 19200,
    "valid_predictions": 19200,
    "invalid_predictions": 0,
    "empty_raw_outputs": 0,
    "Accuracy": 0.49515625,
    "Accuracy_valid_only": 0.49515625,
    "Support_0": 9554,
    "Predicted_as_0": 12305,
    "Precision_0": 0.4943518894758228,
    "Recall_0": 0.6366966715511827,
    "F1_0": 0.5565670890708632,
    "Support_1": 9646,
    "Predicted_as_1": 6895,
    "Precision_1": 0.49659173313995647,
    "Recall_1": 0.3549657889280531,
    "F1_1": 0.4140015718517623,
    "LogProb_Accuracy": 0.49927083333333333,
    "LogProb_Support_0": 9554,
    "LogProb_Predicted_as_0": 6622,
    "LogProb_Precision_0": 0.4954696466324373,
    "LogProb_Recall_0": 0.34341637010676157,
    "LogProb_F1_0": 0.4056627101879327,
    "LogProb_Support_1": 9646,
    "LogProb_Predicted_as_1": 12578,
    "LogProb_Precision_1": 0.5012720623310543,
    "LogProb_Recall_1": 0.6536388140161725,
    "LogProb_F1_1": 0.5674046076313894,
    "avg_logprob_margin": 1.9116651271904508,
    "avg_confidence": 0.7716132506262511,
    "avg_entropy": 0.45904758244523114,
    "avg_confidence_correct_logprob": 0.7715375875720345,
    "avg_confidence_wrong_logprob": 0.7716886933179216,
    "avg_margin_correct_logprob": 1.9232129557332192,
    "avg_margin_wrong_logprob": 1.9001509307674245,
    "free_vs_logprob_agreement_rate": 0.6065104166666667,
    "ambiguous_rate": 0.09901041666666667,
    "high_confidence_wrong_rate": 0.24005208333333333,
    "low_confidence_correct_rate": 0.04927083333333333,
    "actual_0_pred_0": 6083,
    "actual_0_pred_1": 3471,
    "actual_1_pred_0": 6222,
    "actual_1_pred_1": 3424,
    "logprob_actual_0_pred_0": 3281,
    "logprob_actual_0_pred_1": 6273,
    "logprob_actual_1_pred_0": 3341,
    "logprob_actual_1_pred_1": 6305
  },
  "confidence_buckets": [
    {
      "confidence_bucket": "[0.50,0.55)",
      "n_samples": 1901,
      "avg_confidence": 0.5212505602134271,
      "avg_logprob_margin": 0.08511967385586533,
      "logprob_accuracy": 0.49763282482903737
    },
    {
      "confidence_bucket": "[0.55,0.65)",
      "n_samples": 3281,
      "avg_confidence": 0.5914231642140589,
      "avg_logprob_margin": 0.37088182909174033,
      "logprob_accuracy": 0.5032002438281011
    },
    {
      "confidence_bucket": "[0.65,0.75)",
      "n_samples": 2906,
      "avg_confidence": 0.6893429626125511,
      "avg_logprob_margin": 0.8009519636097728,
      "logprob_accuracy": 0.5003441156228493
    },
    {
      "confidence_bucket": "[0.75,0.85)",
      "n_samples": 3223,
      "avg_confidence": 0.7968713244850355,
      "avg_logprob_margin": 1.376138363423053,
      "logprob_accuracy": 0.4902264970524356
    },
    {
      "confidence_bucket": "[0.85,0.95)",
      "n_samples": 5196,
      "avg_confidence": 0.8952438465855138,
      "avg_logprob_margin": 2.185227979229816,
      "logprob_accuracy": 0.5048113933795227
    },
    {
      "confidence_bucket": "[0.95,1.00]",
      "n_samples": 2693,
      "avg_confidence": 0.9878885036191222,
      "avg_logprob_margin": 6.389895926166369,
      "logprob_accuracy": 0.49461567025621983
    }
  ]
}